---------建立表格: 會員 寵物 旅館訂單 旅館房型 旅館房間 會員最新通知 客訴 科別 獸醫 門診時段 預約門診 就診紀錄 員工 後臺功能 權限---------
ALTER SESSION SET DEFERRED_SEGMENT_CREATION=FALSE;

--------------刪除表格----------------
DROP TABLE AUTHORIZATION;
DROP TABLE BACKGROUNDFUNC;
DROP TABLE EMPLOYEE;
DROP TABLE MEDICALRECORD;
DROP TABLE APPOINTMENT;
DROP TABLE OPTSESSION;
DROP TABLE DOCTOR;
DROP TABLE DIVISION;
DROP TABLE ACCUSATION;
DROP TABLE MEMLATESTINFO;
DROP TABLE HOTELROOM;
DROP TABLE HOTELORDER;
DROP TABLE HOTELROOMTYPE;
DROP TABLE MEMBERPET;
DROP TABLE INTERACTION;
DROP TABLE ADOPTEDPETS;
DROP TABLE ADOPTER;
DROP TABLE PETSHELTER;
---產品專區刪除表格---
DROP TABLE PRODUCTORDERDETAIL;
DROP TABLE PRODUCTORDER;
DROP TABLE PROMOTIONDETAIL;
DROP TABLE PROMOTION;
DROP TABLE PRODUCT;
DROP TABLE PRODUCTKIND;
---會員刪除表格---
DROP TABLE MEMBER;

--------------刪除SEQ----------------
DROP SEQUENCE emp_seq;
DROP SEQUENCE medicalrecord_seq;
DROP SEQUENCE appointment_seq;
DROP SEQUENCE optsession_seq;
DROP SEQUENCE doctor_seq;
DROP SEQUENCE division_seq;
DROP SEQUENCE ACCUSATION_SEQ;
DROP SEQUENCE MEMLATESTINFO_SEQ;
DROP SEQUENCE MEMBER_SEQ;
DROP SEQUENCE MEMBERPET_SEQ;
DROP SEQUENCE HOTELORDER_SEQ;
DROP SEQUENCE HOTELROOMTYPE_SEQ;
DROP SEQUENCE HOTELROOM_SEQ;
DROP SEQUENCE SHELTERNO_seq;
DROP SEQUENCE ADOPTERNO_seq;
DROP SEQUENCE ADOPTEDPETS_seq;
DROP SEQUENCE INTERACTIONNO_seq;
---產品專區刪除SEQ---
DROP SEQUENCE PRODUCT_SEQ;
DROP SEQUENCE PRODUCTORDER_SEQ;
DROP SEQUENCE PROMOTION_SEQ;

-------上傳圖片--------
CREATE OR REPLACE DIRECTORY MEDIA_DIR AS 'C:/ProjectPic/'; 
CREATE OR REPLACE FUNCTION load_blob( myFileName VARCHAR2) RETURN BLOB AS RESULT BLOB;   
  myBFILE BFILE;
  myBLOB BLOB;
BEGIN
    myBFILE := BFILENAME('MEDIA_DIR',myFileName);
    dbms_lob.createtemporary(myBLOB, TRUE);
    dbms_lob.fileopen(myBFILE,dbms_lob.file_readonly);
    dbms_lob.loadfromfile(myBLOB,myBFILE,dbms_lob.getlength(myBFILE) );
    dbms_lob.fileclose(myBFILE);
    RETURN myBLOB;
END load_blob;
/
--load_blob('xxx.jpg')

-------會員table--------
CREATE TABLE MEMBER(
MEMNO               VARCHAR2(5) NOT NULL,
MEMNAME             VARCHAR2(30) NOT NULL,
MEMACCOUNT          VARCHAR2(20) NOT NULL,
MEMPASSWORD         VARCHAR2(20) NOT NULL,
MEMCREDITCARDID     VARCHAR2(16) NOT NULL,
MEMPHONE            VARCHAR2(38) NOT NULL,
MEMEMAIL            VARCHAR2(100),
MEMADDRESS          VARCHAR2(100),
MEMSTATUS           NUMBER(5) NOT NULL,
MEMPIC              BLOB,
CONSTRAINT MEMBER_PRIMARY_KEY PRIMARY KEY (MEMNO)
);

-------會員寵物table--------
CREATE TABLE MEMBERPET(
PETNO               VARCHAR2(5) NOT NULL,
MEMNO               VARCHAR2(5) NOT NULL,
PETNAME             VARCHAR2(30), 
PETVARIETY          VARCHAR2(30),
PETAGE              NUMBER(2),
PETGENDER           VARCHAR2(3),
PETSTATUS           NUMBER(1),
PETPIC              BLOB,
CONSTRAINT MEMBERPET_PRIMARY_KEY PRIMARY KEY (PETNO),
CONSTRAINT MEMBERPET_FOREIGN_KEY FOREIGN KEY (MEMNO) REFERENCES MEMBER(MEMNO)
);


-------寵物旅館房型table--------
CREATE TABLE HOTELROOMTYPE(
ROOMTYPENO              VARCHAR2(5)     NOT NULL,
ROOMTYPENAME			VARCHAR2(30)	NOT NULL,
ROOMTYPEDESCRIBE		VARCHAR2(1000)  NOT NULL,
ROOMTYPESPACE			VARCHAR2(30)	NOT NULL,
ROOMTYPEPRICE           NUMBER(4)       NOT NULL,
ROOMTYPESERVICE         VARCHAR2(30)    NOT NULL,
ROOMTYPESTATUS          NUMBER(1)       NOT NULL,
ROOMTYPEPIC             BLOB,
CONSTRAINT HOTELROOMTYPE_PRIMARY_KEY PRIMARY KEY (ROOMTYPENO)
);


-------旅館訂單table--------
CREATE TABLE HOTELORDER(
ORDERNO             VARCHAR2(20)    NOT NULL,
MEMNO               VARCHAR2(5)     NOT NULL,
PETNO				VARCHAR2(5)     NOT NULL,
ROOMTYPENO          VARCHAR2(5)     NOT NULL,
ORDERDATE           TIMESTAMP       NOT NULL,
ROOMNO              NUMBER(4)       NOT NULL,
ROOMTYPEPRICE       NUMBER(4)       NOT NULL,
CHECKINDATE         TIMESTAMP       NOT NULL,
CHECKOUTDATE        TIMESTAMP       NOT NULL,
TOTALPRICE          VARCHAR2(10)    NOT NULL,
HOTELORDERSTATUS    NUMBER(1)       NOT NULL,
CONSTRAINT HOTELORDER_PRIMARY_KEY PRIMARY KEY (ORDERNO),
CONSTRAINT HOTELORDER_FOREIGN_KEY FOREIGN KEY (MEMNO) REFERENCES MEMBER(MEMNO),
CONSTRAINT HOTELORDER_FOREIGN_KEY2 FOREIGN KEY (ROOMTYPENO) REFERENCES HOTELROOMTYPE(ROOMTYPENO)
);


--------旅館房間table----------
CREATE TABLE HOTELROOM(
ROOMNO              NUMBER  (3) NOT NULL,
ROOMTYPENO          VARCHAR2(5) NOT NULL,
PETNO               VARCHAR2(5),
ROOMSTATUS          NUMBER(1)   NOT NULL,
CONSTRAINT HOTELROOM_PRIMARY_KEY PRIMARY KEY (ROOMNO),
CONSTRAINT HOTELROOM_FOREIGN_KEY FOREIGN KEY (ROOMTYPENO) REFERENCES HOTELROOMTYPE(ROOMTYPENO),
CONSTRAINT HOTELROOM_FOREIGN_KEY2 FOREIGN KEY (PETNO) REFERENCES MEMBERPET(PETNO)
);


-----------會員最新通知table--------------
CREATE TABLE MEMLATESTINFO(
memLatestInfoNo    NUMBER(30)     NOT NULL,
MEMNO              Varchar2(30)   NOT NULL,
infoContent        Varchar2(200),
CONSTRAINT MEMLATESTINFO_PRIMARY_KEY PRIMARY KEY (memLatestInfoNo),
CONSTRAINT MEMLATESTINFO_FOREIGN_KEY FOREIGN KEY (MEMNO) REFERENCES MEMBER(MEMNO)
);

----------客訴table--------------
CREATE TABLE ACCUSATION(
accusationNo         VARCHAR2(100)       NOT NULL,
accusationType       Varchar2(40) NOT NULL,
accusationContent    Varchar2(200) NOT NULL,
accusationtime       TIMESTAMP DEFAULT CURRENT_TIMESTAMP,
accusationStatue     Number       NOT NULL,
CONSTRAINT ACCUSATION_PRIMARY_KEY PRIMARY KEY (accusationNo)
);
COMMENT ON COLUMN ACCUSATION.accusationStatue IS '0=未處理,1=處理中,2=已處理';


--------------------------------------------------------
---------------for 科別table
--------------------------------------------------------
CREATE TABLE DIVISION(
DIVNO   VARCHAR2(3)  NOT NULL,
DIVNAME VARCHAR2(20) NOT NULL,
CONSTRAINT DIVISION_PK PRIMARY KEY (DIVNO)
);
--------------------------------------------------------
-- -----------for 獸醫table
--------------------------------------------------------
CREATE TABLE DOCTOR(
DOCNO       VARCHAR2(4)     NOT NULL,
DIVNO       VARCHAR2(3)     NOT NULL,
DOCNAME     VARCHAR2(20)    NOT NULL,
ROOMNO      NUMBER(2)       NOT NULL,
SENIORITY   NUMBER(2)       NOT NULL,
INTRO       VARCHAR2(300)   NOT NULL,
DOCPIC      BLOB,
DOCSTATUS   NUMBER(1)       NOT NULL,
CONSTRAINT FK_DOCTOR_DIVNO
FOREIGN KEY (DIVNO) REFERENCES DIVISION(DIVNO),
CONSTRAINT DOCTOR_PK PRIMARY KEY (DOCNO)
);
--------------------------------------------------------
--  for 門診時段 table
--------------------------------------------------------
CREATE TABLE OPTSESSION(
SESSIONNO    VARCHAR2(15)   NOT NULL,
DOCNO        VARCHAR2(4)    NOT NULL,
OPTDATE      DATE           NOT NULL,
OPTSESSION   VARCHAR2(11)   NOT NULL,
CURRENTCOUNT NUMBER(2)      NOT NULL,
MAXIMUM      NUMBER(2)      NOT NULL,
CONSTRAINT FK_OPTSESSION_DOCNO
FOREIGN KEY (DOCNO) REFERENCES DOCTOR(DOCNO),
CONSTRAINT OPTSESSION_PK PRIMARY KEY (SESSIONNO)
);

--------------------------------------------------------
--  for 預約門診 table
--------------------------------------------------------
CREATE TABLE APPOINTMENT(
APPTNO      VARCHAR2(15)    NOT NULL,
MEMNO       VARCHAR2(5)    NOT NULL,
PETNO       VARCHAR2(5)    			,
SESSIONNO   VARCHAR2(15)    NOT NULL,
SEQNO       NUMBER(2)       NOT NULL,
SYMDESC     VARCHAR2(100),
SYMPHOTO    BLOB,
OPTSTATE    NUMBER(1),
CONSTRAINT FK_APPOINTMENT_MEMNO
FOREIGN KEY (MEMNO) REFERENCES MEMBER(MEMNO),
CONSTRAINT FK_APPOINTMENT_PETNO
FOREIGN KEY (PETNO) REFERENCES MEMBERPET(PETNO),
CONSTRAINT FK_APPOINTMENT_SESSIONNO
FOREIGN KEY (SESSIONNO) REFERENCES OPTSESSION(SESSIONNO),
CONSTRAINT APPOINTMENT_PK PRIMARY KEY (APPTNO)
);

--------------------------------------------------------
--  for 就診紀錄 TABLE
--------------------------------------------------------
CREATE TABLE MEDICALRECORD(
MRNO            VARCHAR2(15)    NOT NULL,
APPTNO          VARCHAR2(15)    NOT NULL,
DOCNO           VARCHAR2(4)     NOT NULL,
PETNO           VARCHAR2(5)    NOT NULL,
SYMPTOM         VARCHAR2(60),
PRESCRIPTION    VARCHAR2(60),
APPTFEE         NUMBER(5,0)     NOT NULL,
MEDFEE          NUMBER(5,0),
OPERFEE         NUMBER(6,0),
CONSTRAINT FK_MEDICALRECORD_APPTNO 
FOREIGN KEY (APPTNO) REFERENCES APPOINTMENT(APPTNO),

CONSTRAINT FK_MEDICALRECORD_DOCNO 
FOREIGN KEY (DOCNO) REFERENCES DOCTOR(DOCNO),

CONSTRAINT FK_MEDICALRECORD_PETNO 
FOREIGN KEY (PETNO) REFERENCES MEMBERPET(PETNO),
CONSTRAINT MEDICALRECORD_PK PRIMARY KEY (MRNO)
);

--------------------------------------------------------
--  for 員工 TABLE
--------------------------------------------------------
CREATE TABLE EMPLOYEE (
 empId          VARCHAR2(5) NOT NULL,
 empName        VARCHAR2(20) NOT NULL,
 empGender      VARCHAR2(3) NOT NULL,
 empBirth       DATE NOT NULL,
 empJob         VARCHAR2(20) NOT NULL,
 empPhone       VARCHAR2(11) NOT NULL,
 empAddress     VARCHAR2(60) NOT NULL,
 empAcc         VARCHAR2(30) NOT NULL,
 empPwd         VARCHAR2(20) NOT NULL,
 empPic         BLOB,
 HIREDATE       DATE NOT NULL,
 QUITDATE       DATE,
 empStatus      VARCHAR2(1) NOT NULL,
 CONSTRAINT EMP_EMPID_PK PRIMARY KEY (empId)
);

--------------------------------------------------------
--  for 後臺功能 TABLE
--------------------------------------------------------
CREATE TABLE BACKGROUNDFUNC (
 bgFuncNo      VARCHAR2(3) NOT NULL,
 bgFuncName    VARCHAR2(20) NOT NULL,
 CONSTRAINT BACKGROUNDFUNC_bgFuncNo_PK PRIMARY KEY (bgFuncNo)
);
 
 --------------------------------------------------------
--  for  權限 TABLE
--------------------------------------------------------
 CREATE TABLE AUTHORIZATION (
 empId        VARCHAR2(5) NOT NULL,
 bgFuncNo	  VARCHAR2(3) NOT NULL,
 
 CONSTRAINT AUTHORIZATION_empId_FK FOREIGN KEY (empId) REFERENCES EMPLOYEE (empId),
 CONSTRAINT AUTHORIZATION_bgFuncNo_FK FOREIGN KEY (bgFuncNo) REFERENCES BACKGROUNDFUNC (bgFuncNo),
 CONSTRAINT AUTHORIZATION_empId_PK PRIMARY KEY (empId,bgFuncNo));
 
 
---寵物住所 Table---
CREATE TABLE PETSHELTER(
SHELTERNO VARCHAR2(20) PRIMARY KEY NOT NULL,
CLEANDATE DATE,
SHELTERSTATUS NUMBER
);

---領養人Table—
CREATE TABLE ADOPTER(
ADOPTERNO VARCHAR2(20) PRIMARY KEY NOT NULL,
ADOPTERNAME VARCHAR2(20),
ADOPTERGENDER VARCHAR2(20),
ADOPTEROCCUPATION VARCHAR2(20),
ADOPTERMAIL VARCHAR2(100) 
);

---收容寵物 Table---
CREATE TABLE ADOPTEDPETS(
PETNO VARCHAR2(20) PRIMARY KEY NOT NULL,
ADOPTERNO VARCHAR2(20),
SHELTERNO VARCHAR2(20),
PETBREED VARCHAR2(20) NOT NULL,
ADOPTEDDATE DATE NOT NULL,
PETPIC BLOB NOT NULL,
ADOPTDATE DATE,
INTERVIEWDATE DATE,
INTERVIEWINFO CLOB,
PETSPECIES VARCHAR2(20) NOT NULL,
PETGENDER VARCHAR2(20) NOT NULL,
ADOPTSTATUS NUMBER,
CONSTRAINT FK_ADOPTEDPETS_PETSHELTER 
FOREIGN KEY(SHELTERNO) REFERENCES PETSHELTER(SHELTERNO),
CONSTRAINT FK_ADOPTEDPETS_ADOPTER
FOREIGN KEY(ADOPTERNO) REFERENCES ADOPTER(ADOPTERNO)
);
 
--- 互動 Table---
CREATE TABLE INTERACTION(
INTERACTIONNO VARCHAR2(20) PRIMARY KEY NOT NULL,
PETNO VARCHAR2(20) NOT NULL,
ADOPTERNO VARCHAR2(20) NOT NULL,
INTERACTIONDATE TIMESTAMP,
INTERACTIONSTATUS VARCHAR2(200),
ADOPTDESIRE NUMBER,
CONSTRAINT FK_INTERACTION_ADOPTEDPETS
FOREIGN KEY(PETNO) REFERENCES ADOPTEDPETS(PETNO) ON DELETE SET NULL,
CONSTRAINT FK_INTERACTION_ADOPTER
FOREIGN KEY(ADOPTERNO) REFERENCES ADOPTER(ADOPTERNO) ON DELETE SET NULL
);

--- 產品種類 Table---
CREATE TABLE PRODUCTKIND (
KINDNO NUMBER(10) NOT NULL PRIMARY KEY,
KINDNAME VARCHAR2(20) NOT NULL
);


--- 產品 Table---
CREATE TABLE PRODUCT (
 PRODUCTID NUMBER(20) NOT NULL PRIMARY KEY, 
 KINDNO NUMBER(20) NOT NULL,
 PRODUCTNAME VARCHAR2(20) NOT NULL,
 PRODUCTPRICE NUMBER(20) NOT NULL,
 PRODUCTON DATE,
 PRODUCTSTOCK NUMBER(20) NOT NULL,
 PRODUCTSAFE NUMBER(20) NOT NULL,
 PRODUCTPIC BLOB NULL,
 PRODUCTINTRO CLOB,
 PRODUCTSTATUS NUMBER(10) NOT NULL,
 CONSTRAINT KIND_NO_FK FOREIGN KEY (KINDNO) REFERENCES PRODUCTKIND (KINDNO)
);

--- 產品訂單 Table---
CREATE TABLE PRODUCTORDER(
ORDERID NUMBER(30) NOT NULL PRIMARY KEY,
MEMNO VARCHAR2(30) NOT NULL REFERENCES MEMBER(MEMNO),
ORDERDATE VARCHAR2(30) NOT NULL,
ORDERTOTAL NUMBER(30) NOT NULL,
DELIVERYADDRESS VARCHAR2(100) NOT NULL,
ORDERSTATUS NUMBER(5) NOT NULL
);

--- 產品訂單明細Table---
CREATE TABLE PRODUCTORDERDETAIL(
ORDERID NUMBER(30) NOT NULL REFERENCES PRODUCTORDER(ORDERID),
PRODUCTID NUMBER(20) NOT NULL REFERENCES PRODUCT(PRODUCTID),
QUANTITY NUMBER(30) NOT NULL,
UNITPRICE NUMBER(30) NOT NULL,
PRIMARY KEY(ORDERID,PRODUCTID)
);

--- 產品促銷 Table---
CREATE TABLE PROMOTION(
PROMOTIONNO NUMBER(30) NOT NULL PRIMARY KEY,
PROMOTIONNAME VARCHAR2(50) NOT NULL,
STARTDAY DATE, 
ENDDAY DATE
);

--- 產品促銷明細 Table---
CREATE TABLE PROMOTIONDETAIL(
PROMOTIONNO NUMBER(30) NOT NULL REFERENCES PROMOTION(PROMOTIONNO),
PRODUCTID NUMBER(20) NOT NULL REFERENCES PRODUCT(PRODUCTID),
PROMOTIONPRICE NUMBER(10) NOT NULL,
PRIMARY KEY(PROMOTIONNO,PRODUCTID)
);


 ------------------創建SEQ開始-------------------

CREATE SEQUENCE emp_seq
INCREMENT BY 1
START WITH 1001
NOMAXVALUE
NOCYCLE
NOCACHE;


CREATE SEQUENCE MEDICALRECORD_SEQ
INCREMENT BY 1
START WITH 1
NOMAXVALUE
NOCYCLE
NOCACHE;


CREATE SEQUENCE APPOINTMENT_SEQ
INCREMENT BY 1
START WITH 1
NOMAXVALUE
NOCYCLE
NOCACHE;

CREATE SEQUENCE OPTSESSION_SEQ
INCREMENT BY 1
START WITH 1
NOMAXVALUE
NOCYCLE
NOCACHE;

CREATE SEQUENCE DOCTOR_SEQ
INCREMENT BY 1
START WITH 1
NOMAXVALUE
NOCYCLE
NOCACHE;


CREATE SEQUENCE DIVISION_SEQ
INCREMENT BY 1
START WITH 1
NOMAXVALUE
NOCYCLE
NOCACHE;

CREATE SEQUENCE ACCUSATION_SEQ
INCREMENT BY 1
START WITH 1
NOMAXVALUE
NOCYCLE
NOCACHE;

CREATE SEQUENCE MEMLATESTINFO_SEQ
INCREMENT BY 1
START WITH 1000
NOMAXVALUE
NOCYCLE
NOCACHE;


CREATE SEQUENCE MEMBER_SEQ
INCREMENT BY 1
START WITH 1
NOMAXVALUE
NOCYCLE
NOCACHE;

CREATE SEQUENCE MEMBERPET_SEQ
INCREMENT BY 1
START WITH 1
NOMAXVALUE
NOCYCLE
NOCACHE;

CREATE SEQUENCE HOTELORDER_SEQ
INCREMENT BY 1
START WITH 1
NOMAXVALUE
NOCYCLE
NOCACHE;

CREATE SEQUENCE HOTELROOMTYPE_SEQ
INCREMENT BY 1
START WITH 1
NOMAXVALUE
NOCYCLE
NOCACHE;

CREATE SEQUENCE HOTELROOM_SEQ
INCREMENT BY 1
START WITH 1
NOMAXVALUE
NOCYCLE
NOCACHE;

CREATE SEQUENCE SHELTERNO_seq
INCREMENT BY 1
NOMAXVALUE
NOCYCLE
NOCACHE;

CREATE SEQUENCE ADOPTERNO_seq
INCREMENT BY 1
NOMAXVALUE
NOCYCLE
NOCACHE;

CREATE SEQUENCE ADOPTEDPETS_seq
INCREMENT BY 1
NOMAXVALUE
NOCYCLE
NOCACHE;

CREATE SEQUENCE INTERACTIONNO_seq
INCREMENT BY 1
NOMAXVALUE
NOCYCLE
NOCACHE;

---產品專區創建SEQ---
CREATE SEQUENCE PRODUCT_SEQ
INCREMENT BY 1
START WITH 1001
NOMAXVALUE;

CREATE SEQUENCE PRODUCTORDER_SEQ
INCREMENT BY 1
START WITH 10005001
NOMAXVALUE;

CREATE SEQUENCE PROMOTION_SEQ
INCREMENT BY 1
START WITH 6001
NOMAXVALUE;

------------------創建SEQ結束-------------------

--會員假資料--
INSERT INTO MEMBER VALUES ('M'||LPAD(to_char(MEMBER_SEQ.NEXTVAL), 4, '0'),'鳴人','DAVID817653','123456','1234123412341234','0927210939','weiyuwang466@gmail.com','臺南市關廟區富強路481巷400號32樓','1', load_blob('mem1.jpg'));
INSERT INTO MEMBER VALUES ('M'||LPAD(to_char(MEMBER_SEQ.NEXTVAL), 4, '0'),'佐助','JACK321570','993783','4929641269737475','0972413469','JinZhengHong@teleworm.us','南投縣名間鄉河濱街三段583號 ','1', load_blob('mem2.jpg'));
INSERT INTO MEMBER VALUES ('M'||LPAD(to_char(MEMBER_SEQ.NEXTVAL), 4, '0'),'小櫻','AMY791792','806955','4916778416017271','0938161581','HongGuHao@dayrep.com','嘉義縣東石鄉棒球三街406巷517號7樓','1', load_blob('mem3.jpg'));
INSERT INTO MEMBER VALUES ('M'||LPAD(to_char(MEMBER_SEQ.NEXTVAL), 4, '0'),'卡卡西','GARY691528','984283','5224428005396199','0929272193','DaiYuanRong@dayrep.com','苗栗縣後龍鎮龍華南街478巷948弄364號','1', load_blob('mem4.jpg'));
INSERT INTO MEMBER VALUES ('M'||LPAD(to_char(MEMBER_SEQ.NEXTVAL), 4, '0'),'鹿丸','ANDY335911','101197','4539575046304203','0924980540','ZhenDeYi@rhyta.com',' 屏東縣滿州鄉赤崁東路四段422號26樓','1', load_blob('mem5.jpg'));
INSERT INTO MEMBER VALUES ('M'||LPAD(to_char(MEMBER_SEQ.NEXTVAL), 4, '0'),'雛田','CHERRY638215','157167','5201590608518474','0924269145','YuanPeiRong@rhyta.com','高雄市永安區東英二街三段8巷444號','1', load_blob('mem6.jpg'));
INSERT INTO MEMBER VALUES ('M'||LPAD(to_char(MEMBER_SEQ.NEXTVAL), 4, '0'),'景野','BUTTETFLY508591','116647','5349738432232993','0989297388','LuoYuWen@dayrep.com','臺東縣海端鄉松文路777號60樓','1', load_blob('mem7.jpg'));
INSERT INTO MEMBER VALUES ('M'||LPAD(to_char(MEMBER_SEQ.NEXTVAL), 4, '0'),'丁次','BUTY414316','773655','4916119687537822','0936382920','ShiGongYun@armyspy.com','澎湖縣白沙鄉貴林街二段691號54樓','1', load_blob('mem8.jpg'));
INSERT INTO MEMBER VALUES ('M'||LPAD(to_char(MEMBER_SEQ.NEXTVAL), 4, '0'),'阿凱','CUTE268814','329037','5222443436591872','0912666860','LuYaWen@rhyta.com',' 臺東縣達仁鄉榮豐街755號 ','1', load_blob('mem9.jpg'));
INSERT INTO MEMBER VALUES ('M'||LPAD(to_char(MEMBER_SEQ.NEXTVAL), 4, '0'),'李洛克','JOHN871484','388224','4485105095152164','0927217190','ShiXinYi@teleworm.us','雲林縣斗南鎮榮豐街三段607號','1', load_blob('mem10.jpg'));

--會員寵物假資料--
INSERT INTO MEMBERPET VALUES ('P'||LPAD(to_char(MEMBERPET_SEQ.NEXTVAL), 4, '0'),'M0001','哈利','貴賓犬','10','男','0', load_blob('dog1.jpg'));
INSERT INTO MEMBERPET VALUES ('P'||LPAD(to_char(MEMBERPET_SEQ.NEXTVAL), 4, '0'),'M0002','虎妞','柴犬','5','男','0', load_blob('dog2.jpg'));
INSERT INTO MEMBERPET VALUES ('P'||LPAD(to_char(MEMBERPET_SEQ.NEXTVAL), 4, '0'),'M0003','丸子','杜賓犬','3','女','0', load_blob('dog3.jpg'));
INSERT INTO MEMBERPET VALUES ('P'||LPAD(to_char(MEMBERPET_SEQ.NEXTVAL), 4, '0'),'M0004','酸奶','蝴蝶犬','1','男','0', load_blob('dog4.jpg'));
INSERT INTO MEMBERPET VALUES ('P'||LPAD(to_char(MEMBERPET_SEQ.NEXTVAL), 4, '0'),'M0005','肥肥','秋田犬','1','女','0', load_blob('dog5.jpg'));
INSERT INTO MEMBERPET VALUES ('P'||LPAD(to_char(MEMBERPET_SEQ.NEXTVAL), 4, '0'),'M0006','東東','吉娃娃','2','女','0', load_blob('dog6.jpg'));
INSERT INTO MEMBERPET VALUES ('P'||LPAD(to_char(MEMBERPET_SEQ.NEXTVAL), 4, '0'),'M0007','格格','鬆獅','7','男','0', load_blob('dog7.jpg'));
INSERT INTO MEMBERPET VALUES ('P'||LPAD(to_char(MEMBERPET_SEQ.NEXTVAL), 4, '0'),'M0008','甜甜','貴賓犬','11','女','0', load_blob('dog8.jpg'));
INSERT INTO MEMBERPET VALUES ('P'||LPAD(to_char(MEMBERPET_SEQ.NEXTVAL), 4, '0'),'M0009','花花','藏獒','9','男','0', load_blob('dog9.jpg'));
INSERT INTO MEMBERPET VALUES ('P'||LPAD(to_char(MEMBERPET_SEQ.NEXTVAL), 4, '0'),'M0010','饅頭','柴犬','8','男','0', load_blob('dog10.jpg'));


--房型假資料--
INSERT INTO HOTELROOMTYPE VALUES ('RT'||LPAD(to_char(HOTELROOMTYPE_SEQ.NEXTVAL), 3, '0'),'經典房','基本舒適房型，擁有五組樓梯跳台，垂直奔跑滿足好動細胞。不限貓狗，一天『600』NT(未滿一天以一天計算。)','105cm*150cm*300cm','600','曬太陽時間20分鐘','0',load_blob('roomType1.jpg'));
INSERT INTO HOTELROOMTYPE VALUES ('RT'||LPAD(to_char(HOTELROOMTYPE_SEQ.NEXTVAL), 3, '0'),'尊爵房','多層樓閣交錯，埋伏躲藏樂趣多，適合愛躲藏的貓。不限貓狗，一天『700』NT(未滿一天以一天計算。)','155cm*145cm*300cm','700','曬太陽時間60分鐘','0',load_blob('roomType2.jpg'));
INSERT INTO HOTELROOMTYPE VALUES ('RT'||LPAD(to_char(HOTELROOMTYPE_SEQ.NEXTVAL), 3, '0'),'森林房','專屬對外窗，徜徉陽光與森林公園美景，最頂級的外宿享受。不限貓狗，一天『800』NT(未滿一天以一天計算。)','210cm*145cm*300cm','800','高級寵物浴','0',load_blob('roomType3.jpg'));

--房間假資料--
INSERT INTO HOTELROOM VALUES (101,'RT001','P0001','0');
INSERT INTO HOTELROOM VALUES (102,'RT001','','0');
INSERT INTO HOTELROOM VALUES (103,'RT001','P0003','0');
INSERT INTO HOTELROOM VALUES (104,'RT001','','0');
INSERT INTO HOTELROOM VALUES (105,'RT001','P0005','0');
INSERT INTO HOTELROOM VALUES (201,'RT002','','0');
INSERT INTO HOTELROOM VALUES (202,'RT002','','0');
INSERT INTO HOTELROOM VALUES (203,'RT002','P0008','0');
INSERT INTO HOTELROOM VALUES (204,'RT002','P0009','0');
INSERT INTO HOTELROOM VALUES (205,'RT002','','0');
INSERT INTO HOTELROOM VALUES (301,'RT003','','0');
INSERT INTO HOTELROOM VALUES (302,'RT003','','0');
INSERT INTO HOTELROOM VALUES (303,'RT003','','0');
INSERT INTO HOTELROOM VALUES (304,'RT003','','0');
INSERT INTO HOTELROOM VALUES (305,'RT003','','0');

--旅館訂單假資料--
INSERT INTO HOTELORDER (ORDERNO,MEMNO,PETNO,ROOMTYPENO,ORDERDATE,ROOMNO,ROOMTYPEPRICE,CHECKINDATE,CHECKOUTDATE,TOTALPRICE,HOTELORDERSTATUS) 
VALUES
(to_char(sysdate,'yyyymmdd')||'-'||LPAD(to_char(HOTELORDER_SEQ.NEXTVAL), 6, '0'),'M0001','P0001','RT001',TO_DATE('2020-05-01 20:00:00','yyyy-mm-dd hh24:mi:ss'),101,'600',TO_DATE('2020-07-01 21:00:00','yyyy-mm-dd hh24:mi:ss'),TO_DATE('2020-07-02 21:00:00','yyyy-mm-dd hh24:mi:ss'),'600','1');
INSERT INTO HOTELORDER (ORDERNO,MEMNO,PETNO,ROOMTYPENO,ORDERDATE,ROOMNO,ROOMTYPEPRICE,CHECKINDATE,CHECKOUTDATE,TOTALPRICE,HOTELORDERSTATUS) 
VALUES
(to_char(sysdate,'yyyymmdd')||'-'||LPAD(to_char(HOTELORDER_SEQ.NEXTVAL), 6, '0'),'M0002','P0002','RT001',TO_DATE('2020-06-02 21:00:00','yyyy-mm-dd hh24:mi:ss'),102,'600',TO_DATE('2020-07-03 21:00:00','yyyy-mm-dd hh24:mi:ss'),TO_DATE('2020-07-04 21:00:00','yyyy-mm-dd hh24:mi:ss'),'600','1');
INSERT INTO HOTELORDER (ORDERNO,MEMNO,PETNO,ROOMTYPENO,ORDERDATE,ROOMNO,ROOMTYPEPRICE,CHECKINDATE,CHECKOUTDATE,TOTALPRICE,HOTELORDERSTATUS) 
VALUES
(to_char(sysdate,'yyyymmdd')||'-'||LPAD(to_char(HOTELORDER_SEQ.NEXTVAL), 6, '0'),'M0003','P0003','RT001',TO_DATE('2020-05-03 21:00:00','yyyy-mm-dd hh24:mi:ss'),103,'600',TO_DATE('2020-07-05 21:00:00','yyyy-mm-dd hh24:mi:ss'),TO_DATE('2020-07-06 21:00:00','yyyy-mm-dd hh24:mi:ss'),'600','1');
INSERT INTO HOTELORDER (ORDERNO,MEMNO,PETNO,ROOMTYPENO,ORDERDATE,ROOMNO,ROOMTYPEPRICE,CHECKINDATE,CHECKOUTDATE,TOTALPRICE,HOTELORDERSTATUS) 
VALUES
(to_char(sysdate,'yyyymmdd')||'-'||LPAD(to_char(HOTELORDER_SEQ.NEXTVAL), 6, '0'),'M0004','P0004','RT002',TO_DATE('2020-06-04 21:00:00','yyyy-mm-dd hh24:mi:ss'),201,'700',TO_DATE('2020-07-07 21:00:00','yyyy-mm-dd hh24:mi:ss'),TO_DATE('2020-07-08 21:00:00','yyyy-mm-dd hh24:mi:ss'),'700','1');
INSERT INTO HOTELORDER (ORDERNO,MEMNO,PETNO,ROOMTYPENO,ORDERDATE,ROOMNO,ROOMTYPEPRICE,CHECKINDATE,CHECKOUTDATE,TOTALPRICE,HOTELORDERSTATUS) 
VALUES
(to_char(sysdate,'yyyymmdd')||'-'||LPAD(to_char(HOTELORDER_SEQ.NEXTVAL), 6, '0'),'M0005','P0005','RT002',TO_DATE('2020-05-05 21:00:00','yyyy-mm-dd hh24:mi:ss'),202,'700',TO_DATE('2020-07-09 21:00:00','yyyy-mm-dd hh24:mi:ss'),TO_DATE('2020-07-10 21:00:00','yyyy-mm-dd hh24:mi:ss'),'700','1');
INSERT INTO HOTELORDER (ORDERNO,MEMNO,PETNO,ROOMTYPENO,ORDERDATE,ROOMNO,ROOMTYPEPRICE,CHECKINDATE,CHECKOUTDATE,TOTALPRICE,HOTELORDERSTATUS) 
VALUES
(to_char(sysdate,'yyyymmdd')||'-'||LPAD(to_char(HOTELORDER_SEQ.NEXTVAL), 6, '0'),'M0006','P0006','RT002',TO_DATE('2020-06-06 21:00:00','yyyy-mm-dd hh24:mi:ss'),203,'700',TO_DATE('2020-07-11 21:00:00','yyyy-mm-dd hh24:mi:ss'),TO_DATE('2020-07-12 21:00:00','yyyy-mm-dd hh24:mi:ss'),'700','1');
INSERT INTO HOTELORDER (ORDERNO,MEMNO,PETNO,ROOMTYPENO,ORDERDATE,ROOMNO,ROOMTYPEPRICE,CHECKINDATE,CHECKOUTDATE,TOTALPRICE,HOTELORDERSTATUS) 
VALUES
(to_char(sysdate,'yyyymmdd')||'-'||LPAD(to_char(HOTELORDER_SEQ.NEXTVAL), 6, '0'),'M0007','P0007','RT003',TO_DATE('2020-05-07 21:00:00','yyyy-mm-dd hh24:mi:ss'),301,'800',TO_DATE('2020-07-13 21:00:00','yyyy-mm-dd hh24:mi:ss'),TO_DATE('2020-07-14 21:00:00','yyyy-mm-dd hh24:mi:ss'),'800','1');
INSERT INTO HOTELORDER (ORDERNO,MEMNO,PETNO,ROOMTYPENO,ORDERDATE,ROOMNO,ROOMTYPEPRICE,CHECKINDATE,CHECKOUTDATE,TOTALPRICE,HOTELORDERSTATUS) 
VALUES
(to_char(sysdate,'yyyymmdd')||'-'||LPAD(to_char(HOTELORDER_SEQ.NEXTVAL), 6, '0'),'M0008','P0008','RT003',TO_DATE('2020-06-08 21:00:00','yyyy-mm-dd hh24:mi:ss'),302,'800',TO_DATE('2020-07-15 21:00:00','yyyy-mm-dd hh24:mi:ss'),TO_DATE('2020-07-16 21:00:00','yyyy-mm-dd hh24:mi:ss'),'800','1');
INSERT INTO HOTELORDER (ORDERNO,MEMNO,PETNO,ROOMTYPENO,ORDERDATE,ROOMNO,ROOMTYPEPRICE,CHECKINDATE,CHECKOUTDATE,TOTALPRICE,HOTELORDERSTATUS)
VALUES
(to_char(sysdate,'yyyymmdd')||'-'||LPAD(to_char(HOTELORDER_SEQ.NEXTVAL), 6, '0'),'M0009','P0009','RT003',TO_DATE('2020-05-09 21:00:00','yyyy-mm-dd hh24:mi:ss'),303,'800',TO_DATE('2020-07-17 21:00:00','yyyy-mm-dd hh24:mi:ss'),TO_DATE('2020-07-18 21:00:00','yyyy-mm-dd hh24:mi:ss'),'800','1');
INSERT INTO HOTELORDER (ORDERNO,MEMNO,PETNO,ROOMTYPENO,ORDERDATE,ROOMNO,ROOMTYPEPRICE,CHECKINDATE,CHECKOUTDATE,TOTALPRICE,HOTELORDERSTATUS) 
VALUES
(to_char(sysdate,'yyyymmdd')||'-'||LPAD(to_char(HOTELORDER_SEQ.NEXTVAL), 6, '0'),'M0010','P0010','RT003',TO_DATE('2020-06-10 21:00:00','yyyy-mm-dd hh24:mi:ss'),304,'800',TO_DATE('2020-07-11 21:00:00','yyyy-mm-dd hh24:mi:ss'),TO_DATE('2020-07-13 21:00:00','yyyy-mm-dd hh24:mi:ss'),'800','1');
INSERT INTO HOTELORDER (ORDERNO,MEMNO,PETNO,ROOMTYPENO,ORDERDATE,ROOMNO,ROOMTYPEPRICE,CHECKINDATE,CHECKOUTDATE,TOTALPRICE,HOTELORDERSTATUS) 
VALUES
(to_char(sysdate,'yyyymmdd')||'-'||LPAD(to_char(HOTELORDER_SEQ.NEXTVAL), 6, '0'),'M0001','P0001','RT001',TO_DATE('2020-06-11 21:00:00','yyyy-mm-dd hh24:mi:ss'),304,'600',TO_DATE('2020-07-15 21:00:00','yyyy-mm-dd hh24:mi:ss'),TO_DATE('2020-07-17 21:00:00','yyyy-mm-dd hh24:mi:ss'),'800','1');
INSERT INTO HOTELORDER (ORDERNO,MEMNO,PETNO,ROOMTYPENO,ORDERDATE,ROOMNO,ROOMTYPEPRICE,CHECKINDATE,CHECKOUTDATE,TOTALPRICE,HOTELORDERSTATUS) 
VALUES
(to_char(sysdate,'yyyymmdd')||'-'||LPAD(to_char(HOTELORDER_SEQ.NEXTVAL), 6, '0'),'M0002','P0002','RT002',TO_DATE('2020-06-12 21:00:00','yyyy-mm-dd hh24:mi:ss'),304,'700',TO_DATE('2020-07-17 21:00:00','yyyy-mm-dd hh24:mi:ss'),TO_DATE('2020-07-19 21:00:00','yyyy-mm-dd hh24:mi:ss'),'800','1');
INSERT INTO HOTELORDER (ORDERNO,MEMNO,PETNO,ROOMTYPENO,ORDERDATE,ROOMNO,ROOMTYPEPRICE,CHECKINDATE,CHECKOUTDATE,TOTALPRICE,HOTELORDERSTATUS) 
VALUES
(to_char(sysdate,'yyyymmdd')||'-'||LPAD(to_char(HOTELORDER_SEQ.NEXTVAL), 6, '0'),'M0003','P0003','RT003',TO_DATE('2020-06-13 21:00:00','yyyy-mm-dd hh24:mi:ss'),304,'800',TO_DATE('2020-07-19 21:00:00','yyyy-mm-dd hh24:mi:ss'),TO_DATE('2020-07-20 21:00:00','yyyy-mm-dd hh24:mi:ss'),'800','1');


------會員最新資料---------------
INSERT INTO MEMLATESTINFO VALUES (MEMLATESTINFO_SEQ.NEXTVAL,'M0001','鳴人您好~您購買的商品已寄達目的地,請查收喔~~');
INSERT INTO MEMLATESTINFO VALUES (MEMLATESTINFO_SEQ.NEXTVAL,'M0002','佐助您好~您預約的看診時間是今日下午兩點喔,提醒您注意時間喔 ^__^');
INSERT INTO MEMLATESTINFO VALUES (MEMLATESTINFO_SEQ.NEXTVAL,'M0004','卡卡西您好~您預約與寵物的互動日期是今日下午三點喔,希望您有美好的一天');
INSERT INTO MEMLATESTINFO VALUES (MEMLATESTINFO_SEQ.NEXTVAL,'M0007','景野您好~您在客訴版上的留言有最新回復喔!');
INSERT INTO MEMLATESTINFO VALUES (MEMLATESTINFO_SEQ.NEXTVAL,'M0009','阿凱您好~最新的促銷活動開始囉!滿1000送3000越買越划算喔!');
INSERT INTO MEMLATESTINFO VALUES (MEMLATESTINFO_SEQ.NEXTVAL,'M0008','丁次您好~您在客訴版上的留言有最新回復喔!');
INSERT INTO MEMLATESTINFO VALUES (MEMLATESTINFO_SEQ.NEXTVAL,'M0006','雛田您好~您預約的看診時間是今日下午兩點喔,提醒您注意時間喔 ^__^');
INSERT INTO MEMLATESTINFO VALUES (MEMLATESTINFO_SEQ.NEXTVAL,'M0004','卡卡西您好~您預約的看診時間是今日下午四點喔,提醒您注意時間喔 ^__^');
INSERT INTO MEMLATESTINFO VALUES (MEMLATESTINFO_SEQ.NEXTVAL,'M0001','鳴人您好~您購買的商品已寄達目的地,請查收喔~~');
INSERT INTO MEMLATESTINFO VALUES (MEMLATESTINFO_SEQ.NEXTVAL,'M0001','鳴人您好~您購買的商品已寄達目的地,請查收喔~~');


--------------客訴資料新增---------------
INSERT INTO ACCUSATION VALUES('M'||LPAD(TO_CHAR(ACCUSATION_SEQ.NEXTVAL),4,'0'),'診所','很久以前帶我家的貓咪過來治病,可是過了10年它竟然過世了,我覺得這邊的醫生竟然治不好太讓人失望了',(CURRENT_TIMESTAMP),0);
INSERT INTO ACCUSATION VALUES('M'||LPAD(TO_CHAR(ACCUSATION_SEQ.NEXTVAL),4,'0'),'商城','新商品上架之後打折打這麼多,那我前幾天買的東西不就買太貴了?這分明就是欺騙消費者!',(CURRENT_TIMESTAMP),2);
INSERT INTO ACCUSATION VALUES('M'||LPAD(TO_CHAR(ACCUSATION_SEQ.NEXTVAL),4,'0'),'旅館','我把寵物寄養在這邊結果回來之後臭轟轟的,還有為甚麼懷孕了!我覺得超級崩潰!現在孩子它爸是誰我都不知道!',(CURRENT_TIMESTAMP),1);
INSERT INTO ACCUSATION VALUES('M'||LPAD(TO_CHAR(ACCUSATION_SEQ.NEXTVAL),4,'0'),'領養','原先我在你們這裡領養了一隻哈士奇,可是我實在無法忍受它把我的家具都弄壞了,結果你們竟然說無法退換一隻?',(CURRENT_TIMESTAMP),0);
INSERT INTO ACCUSATION VALUES('M'||LPAD(TO_CHAR(ACCUSATION_SEQ.NEXTVAL),4,'0'),'網頁','你們的網頁也太遲鈍了吧...開個頁面而已lag老半天,我要客訴還要等三分鐘這到底甚麼鳥網站阿',(CURRENT_TIMESTAMP),1);
INSERT INTO ACCUSATION VALUES('M'||LPAD(TO_CHAR(ACCUSATION_SEQ.NEXTVAL),4,'0'),'員工','那收銀人員的臉有夠臭的,好像我欠他幾百萬一樣,找錢也都丟在桌上有夠沒禮貌的,我還有記下來它的員工編號(h4568465),希望能好好重新訓練一下',(CURRENT_TIMESTAMP),1);
INSERT INTO ACCUSATION VALUES('M'||LPAD(TO_CHAR(ACCUSATION_SEQ.NEXTVAL),4,'0'),'你們這家店','貓貓狗狗的有夠吵,晚上事都在唱交響樂是嗎??你們門鎖上拍拍屁股就回家了,我住隔壁整晚都不能睡覺!',(CURRENT_TIMESTAMP),2);
INSERT INTO ACCUSATION VALUES('M'||LPAD(TO_CHAR(ACCUSATION_SEQ.NEXTVAL),4,'0'),'員工','你們有一位早班的收銀人員臉很臭,每次去買寵物用品結帳時都覺得好像我對不起她,上次還摔我買的東西,這根本沒有把客人放在眼裡吧!',(CURRENT_TIMESTAMP),1);
INSERT INTO ACCUSATION VALUES('M'||LPAD(TO_CHAR(ACCUSATION_SEQ.NEXTVAL),4,'0'),'商城','付款已經超過48小時，請問何時交貨?',(CURRENT_TIMESTAMP),2);
INSERT INTO ACCUSATION VALUES('M'||LPAD(TO_CHAR(ACCUSATION_SEQ.NEXTVAL),4,'0'),'會員專區','我覺得信用卡那邊應該要多增設一張,每次要使用別張信用卡都還要重新綁訂有夠麻煩的',(CURRENT_TIMESTAMP),0);

-----------科別假資料-------------------
INSERT INTO DIVISION VALUES ('D'||LPAD(TO_CHAR(DIVISION_SEQ.NEXTVAL),2,'0'),'貓科');
INSERT INTO DIVISION VALUES ('D'||LPAD(TO_CHAR(DIVISION_SEQ.NEXTVAL),2,'0'),'犬科');
INSERT INTO DIVISION VALUES ('D'||LPAD(TO_CHAR(DIVISION_SEQ.NEXTVAL),2,'0'),'其他科');

-----------獸醫假資料-------------------
INSERT INTO DOCTOR VALUES ('DR'||LPAD(TO_CHAR(DOCTOR_SEQ.NEXTVAL),2,'0'),'D02','張國彬','1','27','華人第一位犬貓血液透析治療專家，曾任台北市獸醫師公會理事長及中華民國獸醫師公會全國聯合會副理事長，現任世界小動物獸醫師會WSAVA代表及繼續教育講師，發起創立亞洲小動物獸醫師會FASAVA及擔任講師。', load_blob('doctor1.jpg'),'1');
INSERT INTO DOCTOR VALUES ('DR'||LPAD(TO_CHAR(DOCTOR_SEQ.NEXTVAL),2,'0'),'D01','李美玲','3','28','屏東科技大學獸醫碩士，特別對於貓、鼠、兔有豐富的經驗；尤其擅長免疫疾病、實驗診斷、急重加護等。曾任台北市獸醫師公會監事，現為台灣動物人道協會理事長，於專業及動物保護工作獲得推崇。', load_blob('doctor2.jpg'),'1');
INSERT INTO DOCTOR VALUES ('DR'||LPAD(TO_CHAR(DOCTOR_SEQ.NEXTVAL),2,'0'),'D03','黃昭文','2','26','畢業於國立屏東科技大學獸醫系，擅長一般外科、尿毒、心臟、嚴重貧血、內分泌、犬瘟熱、小病毒腸炎、貓瘟、急重症加護。現為台灣小動物骨科醫學會、台灣動物人道協會及台北市獸醫師公會會員。', load_blob('doctor3.jpg'),'1');
INSERT INTO DOCTOR VALUES ('DR'||LPAD(TO_CHAR(DOCTOR_SEQ.NEXTVAL),2,'0'),'D02','蔡旻烜','1','30','畢業於中興大學獸醫所臨床組，並接受兩年小動物住院醫師完整訓練。長期以來對臨床診療充滿熱忱，細心專業，持續推出創新的治療模式，尤其擅長腫瘤科及超音波影像診斷。現任內科醫學會員。', load_blob('doctor4.jpg'),'1');
INSERT INTO DOCTOR VALUES ('DR'||LPAD(TO_CHAR(DOCTOR_SEQ.NEXTVAL),2,'0'),'D01','鄭柏昕','2','25','畢業於元培科技大學放射技術系，曾任台北市立萬芳醫院電腦斷層室組長，原能會電腦斷層機構診斷參考水平(LDRL)成員。在職期間曾外訓至高雄長庚醫院與香港知名邵逸夫心臟診斷中心研習，專長為心臟高階電腦斷層檢查。', load_blob('doctor5.jpg'),'1');


------------門診時段假資料------------------------
INSERT INTO OPTSESSION VALUES (OPTSESSION_SEQ.NEXTVAL,'DR01',TO_DATE('2020-07-01','YYYY-MM-DD'),'10:00~12:00','10','10');
INSERT INTO OPTSESSION VALUES (OPTSESSION_SEQ.NEXTVAL,'DR02',TO_DATE('2020-07-01','YYYY-MM-DD'),'14:00~17:00','8','10');
INSERT INTO OPTSESSION VALUES (OPTSESSION_SEQ.NEXTVAL,'DR04',TO_DATE('2020-07-02','YYYY-MM-DD'),'10:00~12:00','10','10');
INSERT INTO OPTSESSION VALUES (OPTSESSION_SEQ.NEXTVAL,'DR05',TO_DATE('2020-07-02','YYYY-MM-DD'),'14:00~17:00','8','10');
INSERT INTO OPTSESSION VALUES (OPTSESSION_SEQ.NEXTVAL,'DR03',TO_DATE('2020-07-03','YYYY-MM-DD'),'10:00~12:00','10','10');
INSERT INTO OPTSESSION VALUES (OPTSESSION_SEQ.NEXTVAL,'DR03',TO_DATE('2020-07-03','YYYY-MM-DD'),'14:00~17:00','8','10');
INSERT INTO OPTSESSION VALUES (OPTSESSION_SEQ.NEXTVAL,'DR02',TO_DATE('2020-07-06','YYYY-MM-DD'),'10:00~12:00','10','10');
INSERT INTO OPTSESSION VALUES (OPTSESSION_SEQ.NEXTVAL,'DR05',TO_DATE('2020-07-06','YYYY-MM-DD'),'14:00~17:00','8','10');
INSERT INTO OPTSESSION VALUES (OPTSESSION_SEQ.NEXTVAL,'DR01',TO_DATE('2020-07-07','YYYY-MM-DD'),'10:00~12:00','10','10');
INSERT INTO OPTSESSION VALUES (OPTSESSION_SEQ.NEXTVAL,'DR04',TO_DATE('2020-07-07','YYYY-MM-DD'),'14:00~17:00','8','10');
INSERT INTO OPTSESSION VALUES (OPTSESSION_SEQ.NEXTVAL,'DR02',TO_DATE('2020-07-08','YYYY-MM-DD'),'10:00~12:00','10','10');
INSERT INTO OPTSESSION VALUES (OPTSESSION_SEQ.NEXTVAL,'DR03',TO_DATE('2020-07-08','YYYY-MM-DD'),'14:00~17:00','8','10');
INSERT INTO OPTSESSION VALUES (OPTSESSION_SEQ.NEXTVAL,'DR01',TO_DATE('2020-07-09','YYYY-MM-DD'),'10:00~12:00','10','10');
INSERT INTO OPTSESSION VALUES (OPTSESSION_SEQ.NEXTVAL,'DR05',TO_DATE('2020-07-09','YYYY-MM-DD'),'14:00~17:00','8','10');
INSERT INTO OPTSESSION VALUES (OPTSESSION_SEQ.NEXTVAL,'DR02',TO_DATE('2020-07-10','YYYY-MM-DD'),'10:00~12:00','10','10');
INSERT INTO OPTSESSION VALUES (OPTSESSION_SEQ.NEXTVAL,'DR03',TO_DATE('2020-07-10','YYYY-MM-DD'),'10:00~12:00','10','10');
INSERT INTO OPTSESSION VALUES (OPTSESSION_SEQ.NEXTVAL,'DR04',TO_DATE('2020-07-10','YYYY-MM-DD'),'14:00~17:00','8','10');
INSERT INTO OPTSESSION VALUES (OPTSESSION_SEQ.NEXTVAL,'DR02',TO_DATE('2020-07-13','YYYY-MM-DD'),'10:00~12:00','10','10');
INSERT INTO OPTSESSION VALUES (OPTSESSION_SEQ.NEXTVAL,'DR01',TO_DATE('2020-07-13','YYYY-MM-DD'),'14:00~17:00','8','10');
INSERT INTO OPTSESSION VALUES (OPTSESSION_SEQ.NEXTVAL,'DR04',TO_DATE('2020-07-14','YYYY-MM-DD'),'10:00~12:00','10','10');
INSERT INTO OPTSESSION VALUES (OPTSESSION_SEQ.NEXTVAL,'DR05',TO_DATE('2020-07-14','YYYY-MM-DD'),'14:00~17:00','8','10');
INSERT INTO OPTSESSION VALUES (OPTSESSION_SEQ.NEXTVAL,'DR02',TO_DATE('2020-07-15','YYYY-MM-DD'),'10:00~12:00','10','10');
INSERT INTO OPTSESSION VALUES (OPTSESSION_SEQ.NEXTVAL,'DR03',TO_DATE('2020-07-15','YYYY-MM-DD'),'14:00~17:00','8','10');
INSERT INTO OPTSESSION VALUES (OPTSESSION_SEQ.NEXTVAL,'DR01',TO_DATE('2020-07-16','YYYY-MM-DD'),'10:00~12:00','10','10');
INSERT INTO OPTSESSION VALUES (OPTSESSION_SEQ.NEXTVAL,'DR04',TO_DATE('2020-07-16','YYYY-MM-DD'),'14:00~17:00','8','10');
INSERT INTO OPTSESSION VALUES (OPTSESSION_SEQ.NEXTVAL,'DR02',TO_DATE('2020-07-17','YYYY-MM-DD'),'10:00~12:00','10','10');
INSERT INTO OPTSESSION VALUES (OPTSESSION_SEQ.NEXTVAL,'DR03',TO_DATE('2020-07-17','YYYY-MM-DD'),'14:00~17:00','8','10');
INSERT INTO OPTSESSION VALUES (OPTSESSION_SEQ.NEXTVAL,'DR01',TO_DATE('2020-07-23','YYYY-MM-DD'),'10:00~12:00','9','10');
INSERT INTO OPTSESSION VALUES (OPTSESSION_SEQ.NEXTVAL,'DR03',TO_DATE('2020-07-23','YYYY-MM-DD'),'14:00~17:00','10','10');
INSERT INTO OPTSESSION VALUES (OPTSESSION_SEQ.NEXTVAL,'DR01',TO_DATE('2020-07-23','YYYY-MM-DD'),'18:00~20:00','5','10');

INSERT INTO OPTSESSION VALUES (OPTSESSION_SEQ.NEXTVAL,'DR01',TO_DATE('2020-07-27','YYYY-MM-DD'),'10:00~12:00','10','10');
INSERT INTO OPTSESSION VALUES (OPTSESSION_SEQ.NEXTVAL,'DR02',TO_DATE('2020-07-27','YYYY-MM-DD'),'18:00~20:00','5','10');
INSERT INTO OPTSESSION VALUES (OPTSESSION_SEQ.NEXTVAL,'DR04',TO_DATE('2020-07-28','YYYY-MM-DD'),'10:00~12:00','8','10');
INSERT INTO OPTSESSION VALUES (OPTSESSION_SEQ.NEXTVAL,'DR05',TO_DATE('2020-07-28','YYYY-MM-DD'),'14:00~17:00','10','10');
INSERT INTO OPTSESSION VALUES (OPTSESSION_SEQ.NEXTVAL,'DR03',TO_DATE('2020-07-29','YYYY-MM-DD'),'10:00~12:00','2','10');
INSERT INTO OPTSESSION VALUES (OPTSESSION_SEQ.NEXTVAL,'DR03',TO_DATE('2020-07-29','YYYY-MM-DD'),'14:00~17:00','6','10');
INSERT INTO OPTSESSION VALUES (OPTSESSION_SEQ.NEXTVAL,'DR01',TO_DATE('2020-07-30','YYYY-MM-DD'),'14:00~17:00','9','10');
INSERT INTO OPTSESSION VALUES (OPTSESSION_SEQ.NEXTVAL,'DR02',TO_DATE('2020-07-30','YYYY-MM-DD'),'18:00~20:00','4','10');
INSERT INTO OPTSESSION VALUES (OPTSESSION_SEQ.NEXTVAL,'DR04',TO_DATE('2020-07-31','YYYY-MM-DD'),'14:00~17:00','7','10');

----------for 預約門診假資料------------
INSERT INTO APPOINTMENT VALUES (to_char('20200723')||'-'||LPAD(to_char(APPOINTMENT_SEQ.NEXTVAL),6,'0'),'M0002','P0002','28','1','嘔吐、腹瀉',load_blob('appt1.jpg'),'1');
INSERT INTO APPOINTMENT VALUES (to_char('20200723')||'-'||LPAD(to_char(APPOINTMENT_SEQ.NEXTVAL),6,'0'),'M0003','P0003','28','2','食慾不振',load_blob('appt2.jpg'),'0');
INSERT INTO APPOINTMENT VALUES (to_char('20200723')||'-'||LPAD(to_char(APPOINTMENT_SEQ.NEXTVAL),6,'0'),'M0005','P0005','28','3','呼吸急促',load_blob('appt3.jpg'),'0');
INSERT INTO APPOINTMENT VALUES (to_char('20200723')||'-'||LPAD(to_char(APPOINTMENT_SEQ.NEXTVAL),6,'0'),'M0007','P0007','28','4','精神萎靡',load_blob('appt4.jpg'),'0');
INSERT INTO APPOINTMENT VALUES (to_char('20200723')||'-'||LPAD(to_char(APPOINTMENT_SEQ.NEXTVAL),6,'0'),'M0004','P0004','28','5','擦傷',load_blob('appt5.jpg'),'0');
INSERT INTO APPOINTMENT VALUES (to_char('20200723')||'-'||LPAD(to_char(APPOINTMENT_SEQ.NEXTVAL),6,'0'),'M0002','P0002','28','6','嘔吐、腹瀉',load_blob('appt1.jpg'),'0');
INSERT INTO APPOINTMENT VALUES (to_char('20200723')||'-'||LPAD(to_char(APPOINTMENT_SEQ.NEXTVAL),6,'0'),'M0003','P0003','28','7','食慾不振',load_blob('appt2.jpg'),'0');
INSERT INTO APPOINTMENT VALUES (to_char('20200723')||'-'||LPAD(to_char(APPOINTMENT_SEQ.NEXTVAL),6,'0'),'M0005','P0005','28','8','呼吸急促',load_blob('appt3.jpg'),'0');
INSERT INTO APPOINTMENT VALUES (to_char('20200723')||'-'||LPAD(to_char(APPOINTMENT_SEQ.NEXTVAL),6,'0'),'M0007','P0007','28','9','精神萎靡',load_blob('appt4.jpg'),'0');

INSERT INTO APPOINTMENT VALUES (to_char('20200723')||'-'||LPAD(to_char(APPOINTMENT_SEQ.NEXTVAL),6,'0'),'M0002','P0002','30','1','嘔吐、腹瀉',load_blob('appt1.jpg'),'1');
INSERT INTO APPOINTMENT VALUES (to_char('20200723')||'-'||LPAD(to_char(APPOINTMENT_SEQ.NEXTVAL),6,'0'),'M0003','P0003','30','2','食慾不振',load_blob('appt2.jpg'),'1');
INSERT INTO APPOINTMENT VALUES (to_char('20200723')||'-'||LPAD(to_char(APPOINTMENT_SEQ.NEXTVAL),6,'0'),'M0005','P0005','30','3','呼吸急促',load_blob('appt3.jpg'),'1');
INSERT INTO APPOINTMENT VALUES (to_char('20200723')||'-'||LPAD(to_char(APPOINTMENT_SEQ.NEXTVAL),6,'0'),'M0007','P0007','30','4','精神萎靡',load_blob('appt4.jpg'),'1');
INSERT INTO APPOINTMENT VALUES (to_char('20200723')||'-'||LPAD(to_char(APPOINTMENT_SEQ.NEXTVAL),6,'0'),'M0004','P0004','30','5','擦傷',load_blob('appt5.jpg'),'0');



----------for 就診紀錄假資料------------
-- INSERT INTO MEDICALRECORD VALUES (to_char(sysdate,'yyyymmdd')||'-'||LPAD(to_char(MEDICALRECORD_SEQ.NEXTVAL),6,'0'),'20200727-000001','DR02','P0004','腸胃炎','處方飼料','200','350','');
-- INSERT INTO MEDICALRECORD VALUES (to_char(sysdate,'yyyymmdd')||'-'||LPAD(to_char(MEDICALRECORD_SEQ.NEXTVAL),6,'0'),'20200727-000002','DR02','P0003','細菌感染','抗生素','200','600','');
-- INSERT INTO MEDICALRECORD VALUES (to_char(sysdate,'yyyymmdd')||'-'||LPAD(to_char(MEDICALRECORD_SEQ.NEXTVAL),6,'0'),'20200727-000003','DR01','P0001','腸胃炎','處方飼料','200','350','');
-- INSERT INTO MEDICALRECORD VALUES (to_char(sysdate,'yyyymmdd')||'-'||LPAD(to_char(MEDICALRECORD_SEQ.NEXTVAL),6,'0'),'20200727-000004','DR03','P0007','腸胃炎','處方飼料','200','350','');
-- INSERT INTO MEDICALRECORD VALUES (to_char(sysdate,'yyyymmdd')||'-'||LPAD(to_char(MEDICALRECORD_SEQ.NEXTVAL),6,'0'),'20200727-000005','DR04','P0004','細菌感染','抗生素','200','600','');

---------for 員工假資料----------------
INSERT INTO EMPLOYEE VALUES (emp_seq.NEXTVAL,'魯夫','男',TO_DATE('1990-01-01','YYYY-MM-DD'),'系統管理員','0985295173','桃園市桃園區成功路三段38號','luffy@gmail.com','123456',load_blob('emp01.jpg'),TO_DATE('2011-12-31','YYYY-MM-DD'),'','1');
INSERT INTO EMPLOYEE VALUES (emp_seq.NEXTVAL,'索隆','男',TO_DATE('1991-02-28','YYYY-MM-DD'),'診所助理','0985741394','台北市中正區南海路56號','zoro@gmail.com','123456',load_blob('emp02.jpg'),TO_DATE('2011-12-31','YYYY-MM-DD'),'','1');
INSERT INTO EMPLOYEE VALUES (emp_seq.NEXTVAL,'騙人布','男',TO_DATE('1996-05-04','YYYY-MM-DD'),'行政人員','0965721852','高雄市苓雅區凱旋二路89號','usopp@gmail.com','123456',load_blob('emp03.jpg'),TO_DATE('2013-08-01','YYYY-MM-DD'),'','1');
INSERT INTO EMPLOYEE VALUES (emp_seq.NEXTVAL,'羅賓','女',TO_DATE('1996-05-04','YYYY-MM-DD'),'領養照護員','0965721852','高雄市苓雅區凱旋二路89號','joba@gmail.com','123456',load_blob('emp04.jpg'),TO_DATE('2011-08-01','YYYY-MM-DD'),'','1');
INSERT INTO EMPLOYEE VALUES (emp_seq.NEXTVAL,'娜美','女',TO_DATE('1988-05-04','YYYY-MM-DD'),'商城管理員','0965721852','高雄市苓雅區凱旋二路89號','nami@gmail.com','123456',load_blob('emp05.jpg'),TO_DATE('2018-08-01','YYYY-MM-DD'),'','1');
INSERT INTO EMPLOYEE VALUES (emp_seq.NEXTVAL,'香吉士','男',TO_DATE('1988-05-04','YYYY-MM-DD'),'旅館管理員','0965721852','高雄市苓雅區凱旋二路89號','Sanji@gmail.com','123456',load_blob('emp06.jpg'),TO_DATE('2018-08-01','YYYY-MM-DD'),'','1');
INSERT INTO EMPLOYEE VALUES (emp_seq.NEXTVAL,'張國彬','男',TO_DATE('1968-05-04','YYYY-MM-DD'),'獸醫','0965721852','高雄市苓雅區凱旋二路89號','zhang01@gmail.com','123456',load_blob('emp07.jpg'),TO_DATE('2009-08-01','YYYY-MM-DD'),'','1');
INSERT INTO EMPLOYEE VALUES (emp_seq.NEXTVAL,'李美玲','女',TO_DATE('1970-06-04','YYYY-MM-DD'),'獸醫','0974721122','台中市北區育才街2號','lee01@gmail.com','123456',load_blob('emp08.jpg'),TO_DATE('2011-05-11','YYYY-MM-DD'),'','1');
INSERT INTO EMPLOYEE VALUES (emp_seq.NEXTVAL,'黃昭文','男',TO_DATE('1966-08-08','YYYY-MM-DD'),'獸醫','0965785452','台北市中正區南海路56號','huang01@gmail.com','123456',load_blob('emp09.jpg'),TO_DATE('2015-05-11','YYYY-MM-DD'),'','1');
INSERT INTO EMPLOYEE VALUES (emp_seq.NEXTVAL,'蔡旻烜','女',TO_DATE('1980-01-01','YYYY-MM-DD'),'獸醫','0910745847','高雄市三民區建國三路50號','tsai01@gmail.com','123456',load_blob('emp10.jpg'),TO_DATE('2020-03-11','YYYY-MM-DD'),'','1');
INSERT INTO EMPLOYEE VALUES (emp_seq.NEXTVAL,'鄭柏昕','男',TO_DATE('1977-05-01','YYYY-MM-DD'),'獸醫','0988569123','台中市北區育才街2號','zheng01@gmail.com','123456',load_blob('emp11.jpg'),TO_DATE('2020-03-11','YYYY-MM-DD'),'','1');


---------for 後臺功能假資料----------------
INSERT INTO BACKGROUNDFUNC VALUES('O','門診管理');
INSERT INTO BACKGROUNDFUNC VALUES('S','商城管理');
INSERT INTO BACKGROUNDFUNC VALUES('H','旅館管理');
INSERT INTO BACKGROUNDFUNC VALUES('A','領養管理');
INSERT INTO BACKGROUNDFUNC VALUES('T','客訴管理');
INSERT INTO BACKGROUNDFUNC VALUES('E','員工帳號管理');
INSERT INTO BACKGROUNDFUNC VALUES('M','會員資料管理');


---------for 權限假資料----------------
 INSERT INTO AUTHORIZATION VALUES('1001','O');
 INSERT INTO AUTHORIZATION VALUES('1001','S');
 INSERT INTO AUTHORIZATION VALUES('1001','H');
 INSERT INTO AUTHORIZATION VALUES('1001','A');
 INSERT INTO AUTHORIZATION VALUES('1001','T');
 INSERT INTO AUTHORIZATION VALUES('1001','E');
 INSERT INTO AUTHORIZATION VALUES('1001','M');
 INSERT INTO AUTHORIZATION VALUES('1002','O');
 INSERT INTO AUTHORIZATION VALUES('1003','T');
 INSERT INTO AUTHORIZATION VALUES('1003','E');
 INSERT INTO AUTHORIZATION VALUES('1004','A');
 INSERT INTO AUTHORIZATION VALUES('1005','S');
 INSERT INTO AUTHORIZATION VALUES('1006','H');
 INSERT INTO AUTHORIZATION VALUES('1007','O');
 INSERT INTO AUTHORIZATION VALUES('1008','O');
 INSERT INTO AUTHORIZATION VALUES('1009','O');
 INSERT INTO AUTHORIZATION VALUES('1010','O');
 INSERT INTO AUTHORIZATION VALUES('1011','O');

 
---------收容住所假資料---------------
INSERT INTO PETSHELTER VALUES ('S'||LPAD(to_char(SHELTERNO_SEQ.NEXTVAL), 4, '0'),
 TO_DATE('2020-05-02','YYYY-MM-DD'), 2);
INSERT INTO PETSHELTER VALUES ('S'||LPAD(to_char(SHELTERNO_SEQ.NEXTVAL), 4, '0'),
 TO_DATE('2020-05-02','YYYY-MM-DD'), 1);
INSERT INTO PETSHELTER VALUES ('S'||LPAD(to_char(SHELTERNO_SEQ.NEXTVAL), 4, '0'),
 TO_DATE('2020-05-02','YYYY-MM-DD'), 2);
INSERT INTO PETSHELTER VALUES ('S'||LPAD(to_char(SHELTERNO_SEQ.NEXTVAL), 4, '0'),
 TO_DATE('2020-05-02','YYYY-MM-DD'), 2);
INSERT INTO PETSHELTER VALUES ('S'||LPAD(to_char(SHELTERNO_SEQ.NEXTVAL), 4, '0'),
 TO_DATE('2020-05-02','YYYY-MM-DD'), 2);
INSERT INTO PETSHELTER VALUES ('S'||LPAD(to_char(SHELTERNO_SEQ.NEXTVAL), 4, '0'),
 TO_DATE('2020-05-02','YYYY-MM-DD'), 2);
INSERT INTO PETSHELTER VALUES ('S'||LPAD(to_char(SHELTERNO_SEQ.NEXTVAL), 4, '0'),
 TO_DATE('2020-05-02','YYYY-MM-DD'), 2);
INSERT INTO PETSHELTER VALUES ('S'||LPAD(to_char(SHELTERNO_SEQ.NEXTVAL), 4, '0'),
 TO_DATE('2020-05-02','YYYY-MM-DD'), 1);
 
 ---------領養人假資料---------------
INSERT INTO ADOPTER VALUES ('APPL'||LPAD(to_char(ADOPTERNO_SEQ.NEXTVAL), 4, '0'), '李子維',
 '男', '室內設計師', 'li@gmail.com');
INSERT INTO ADOPTER VALUES ('APPL'||LPAD(to_char(ADOPTERNO_SEQ.NEXTVAL), 4, '0'), '黃雨萱',
 '女', '廣告行銷員', 'huang@gmail.com');
INSERT INTO ADOPTER VALUES ('APPL'||LPAD(to_char(ADOPTERNO_SEQ.NEXTVAL), 4, '0'), '陳韻如',
 '女', '行政專員', 'chen@gmail.com');
INSERT INTO ADOPTER VALUES ('APPL'||LPAD(to_char(ADOPTERNO_SEQ.NEXTVAL), 4, '0'), '王銓勝',
 '男', '音效剪接師', 'wang@gmail.com');
INSERT INTO ADOPTER VALUES ('APPL'||LPAD(to_char(ADOPTERNO_SEQ.NEXTVAL), 4, '0'), '謝芝齊',
 '男', '醫生', 'shieg@gmail.com');

---------收容寵物假資料---------------
INSERT INTO ADOPTEDPETS VALUES ('APET'||LPAD(to_char(ADOPTEDPETS_SEQ.NEXTVAL), 4, '0'),
 NULL, 'S0001', '米克斯',TO_DATE('2020-04-25','YYYY-MM-DD'), load_blob('adog1.jpg'), NULL, NULL, NULL, '犬', '母', 0); 
INSERT INTO ADOPTEDPETS VALUES ('APET'||LPAD(to_char(ADOPTEDPETS_SEQ.NEXTVAL), 4, '0'),
 NULL, 'S0001', '米克斯',TO_DATE('2020-05-02','YYYY-MM-DD'), load_blob('adog2.jpg'), NULL, NULL, NULL, '犬', '公', 0);
INSERT INTO ADOPTEDPETS VALUES ('APET'||LPAD(to_char(ADOPTEDPETS_SEQ.NEXTVAL), 4, '0'),
 NULL, 'S0002', '米克斯',TO_DATE('2020-05-09','YYYY-MM-DD'), load_blob('adog3.jpg'), NULL, NULL, NULL, '犬', '母', 0);
INSERT INTO ADOPTEDPETS VALUES ('APET'||LPAD(to_char(ADOPTEDPETS_SEQ.NEXTVAL), 4, '0'),
 NULL, 'S0003', '米克斯',TO_DATE('2020-05-17','YYYY-MM-DD'), load_blob('adog4.jpg'), NULL, NULL, NULL, '犬', '母', 0);
INSERT INTO ADOPTEDPETS VALUES ('APET'||LPAD(to_char(ADOPTEDPETS_SEQ.NEXTVAL), 4, '0'),
 NULL, 'S0004', '米克斯',TO_DATE('2020-05-20','YYYY-MM-DD'), load_blob('adog5.jpg'), NULL, NULL, NULL, '犬', '公', 0);
INSERT INTO ADOPTEDPETS VALUES ('APET'||LPAD(to_char(ADOPTEDPETS_SEQ.NEXTVAL), 4, '0'),
 NULL, 'S0005', '米克斯',TO_DATE('2020-05-20','YYYY-MM-DD'), load_blob('acat1.jpg'), NULL, NULL, NULL, '貓', '公', 0);
INSERT INTO ADOPTEDPETS VALUES ('APET'||LPAD(to_char(ADOPTEDPETS_SEQ.NEXTVAL), 4, '0'),
 NULL, 'S0006', '米克斯',TO_DATE('2020-05-23','YYYY-MM-DD'), load_blob('acat2.jpg'), NULL, NULL, NULL, '貓', '母', 0);
INSERT INTO ADOPTEDPETS VALUES ('APET'||LPAD(to_char(ADOPTEDPETS_SEQ.NEXTVAL), 4, '0'),
 NULL, 'S0005', '米克斯',TO_DATE('2020-05-26','YYYY-MM-DD'), load_blob('acat3.jpg'), NULL, NULL, NULL, '貓', '公', 0);
INSERT INTO ADOPTEDPETS VALUES ('APET'||LPAD(to_char(ADOPTEDPETS_SEQ.NEXTVAL), 4, '0'),
 NULL, 'S0007', '米克斯',TO_DATE('2020-06-01','YYYY-MM-DD'), load_blob('acat4.jpg'), NULL, NULL, NULL, '貓', '公', 0);
INSERT INTO ADOPTEDPETS VALUES ('APET'||LPAD(to_char(ADOPTEDPETS_SEQ.NEXTVAL), 4, '0'),
 NULL, 'S0008', '米克斯',TO_DATE('2020-06-04','YYYY-MM-DD'), load_blob('acat5.jpg'), NULL, NULL, NULL, '貓', '母', 0);

--------------互動假資料----------------------
INSERT INTO INTERACTION VALUES ('IA'||LPAD(to_char(INTERACTIONNO_SEQ.NEXTVAL), 4, '0'),
 'APET0001', 'APPL0001',TO_DATE('2020-07-25 13:00:00','YYYY-MM-DD hh24:mi:ss'), NULL, 2);
INSERT INTO INTERACTION VALUES ('IA'||LPAD(to_char(INTERACTIONNO_SEQ.NEXTVAL), 4, '0'),
 'APET0001', 'APPL0002',TO_DATE('2020-07-25 13:00:00','YYYY-MM-DD hh24:mi:ss'), NULL, 2);
INSERT INTO INTERACTION VALUES ('IA'||LPAD(to_char(INTERACTIONNO_SEQ.NEXTVAL), 4, '0'),
 'APET0001', 'APPL0003',TO_DATE('2020-07-25 17:00:00','YYYY-MM-DD hh24:mi:ss'), NULL, 2);
INSERT INTO INTERACTION VALUES ('IA'||LPAD(to_char(INTERACTIONNO_SEQ.NEXTVAL), 4, '0'),
 'APET0002', 'APPL0001',TO_DATE('2020-07-25 13:00:00','YYYY-MM-DD hh24:mi:ss'), NULL, 2);
INSERT INTO INTERACTION VALUES ('IA'||LPAD(to_char(INTERACTIONNO_SEQ.NEXTVAL), 4, '0'),
 'APET0002', 'APPL0002',TO_DATE('2020-07-25 17:00:00','YYYY-MM-DD hh24:mi:ss'), NULL, 2);
INSERT INTO INTERACTION VALUES ('IA'||LPAD(to_char(INTERACTIONNO_SEQ.NEXTVAL), 4, '0'),
 'APET0002', 'APPL0003',TO_DATE('2020-07-25 17:00:00','YYYY-MM-DD hh24:mi:ss'), NULL, 2);
INSERT INTO INTERACTION VALUES ('IA'||LPAD(to_char(INTERACTIONNO_SEQ.NEXTVAL), 4, '0'),
 'APET0003', 'APPL0001',TO_DATE('2020-07-24 09:00:00','YYYY-MM-DD hh24:mi:ss'), NULL, 2);
INSERT INTO INTERACTION VALUES ('IA'||LPAD(to_char(INTERACTIONNO_SEQ.NEXTVAL), 4, '0'),
 'APET0003', 'APPL0002',TO_DATE('2020-07-24 17:00:00','YYYY-MM-DD hh24:mi:ss'), NULL, 2);
INSERT INTO INTERACTION VALUES ('IA'||LPAD(to_char(INTERACTIONNO_SEQ.NEXTVAL), 4, '0'),
 'APET0003', 'APPL0003',TO_DATE('2020-07-25 19:00:00','YYYY-MM-DD hh24:mi:ss'), NULL, 2);
INSERT INTO INTERACTION VALUES ('IA'||LPAD(to_char(INTERACTIONNO_SEQ.NEXTVAL), 4, '0'),
 'APET0004', 'APPL0001',TO_DATE('2020-07-26 13:00:00','YYYY-MM-DD hh24:mi:ss'), NULL, 2);
INSERT INTO INTERACTION VALUES ('IA'||LPAD(to_char(INTERACTIONNO_SEQ.NEXTVAL), 4, '0'),
 'APET0004', 'APPL0002',TO_DATE('2020-07-24 13:00:00','YYYY-MM-DD hh24:mi:ss'), NULL, 2);
INSERT INTO INTERACTION VALUES ('IA'||LPAD(to_char(INTERACTIONNO_SEQ.NEXTVAL), 4, '0'),
 'APET0004', 'APPL0003',TO_DATE('2020-07-25 13:00:00','YYYY-MM-DD hh24:mi:ss'), NULL, 2);
 INSERT INTO INTERACTION VALUES ('IA'||LPAD(to_char(INTERACTIONNO_SEQ.NEXTVAL), 4, '0'),
 'APET0004', 'APPL0002',TO_DATE('2020-07-26 09:00:00','YYYY-MM-DD hh24:mi:ss'), NULL, 2);
 INSERT INTO INTERACTION VALUES ('IA'||LPAD(to_char(INTERACTIONNO_SEQ.NEXTVAL), 4, '0'),
 'APET0004', 'APPL0002',TO_DATE('2020-07-25 15:00:00','YYYY-MM-DD hh24:mi:ss'), NULL, 2);
 INSERT INTO INTERACTION VALUES ('IA'||LPAD(to_char(INTERACTIONNO_SEQ.NEXTVAL), 4, '0'),
 'APET0004', 'APPL0002',TO_DATE('2020-07-25 15:00:00','YYYY-MM-DD hh24:mi:ss'), NULL, 2);
 INSERT INTO INTERACTION VALUES ('IA'||LPAD(to_char(INTERACTIONNO_SEQ.NEXTVAL), 4, '0'),
 'APET0004', 'APPL0002',TO_DATE('2020-07-17 19:00:00','YYYY-MM-DD hh24:mi:ss'), NULL, 2);
 

---產品種類假資料---
INSERT INTO PRODUCTKIND(KINDNO,KINDNAME) VALUES(0,'狗狗');
INSERT INTO PRODUCTKIND(KINDNO,KINDNAME) VALUES(1,'喵咪');
INSERT INTO PRODUCTKIND(KINDNO,KINDNAME) VALUES(2,'其他');

---產品假資料---
INSERT INTO PRODUCT(PRODUCTID,KINDNO,PRODUCTNAME,PRODUCTPRICE,PRODUCTON,PRODUCTSTOCK,PRODUCTSAFE,PRODUCTPIC,PRODUCTINTRO,PRODUCTSTATUS) 
VALUES(PRODUCT_SEQ.NEXTVAL,1,'貓咪罐頭',200,TO_DATE('2020-06-06','YYYY-MM-DD'),50,20, load_blob('catPro1.jpg'),'好吃的貓咪罐頭，不會買後悔',1);
INSERT INTO PRODUCT(PRODUCTID,KINDNO,PRODUCTNAME,PRODUCTPRICE,PRODUCTON,PRODUCTSTOCK,PRODUCTSAFE,PRODUCTPIC,PRODUCTINTRO,PRODUCTSTATUS) 
VALUES(PRODUCT_SEQ.NEXTVAL,1,'好吃貓糧',650,TO_DATE('2020-06-06','YYYY-MM-DD'),50,20, load_blob('catPro2.jpg'),'好吃的貓糧，越吃越胖',1);
INSERT INTO PRODUCT(PRODUCTID,KINDNO,PRODUCTNAME,PRODUCTPRICE,PRODUCTON,PRODUCTSTOCK,PRODUCTSAFE,PRODUCTPIC,PRODUCTINTRO,PRODUCTSTATUS) 
VALUES(PRODUCT_SEQ.NEXTVAL,1,'獨家貓糧',500,TO_DATE('2020-06-06','YYYY-MM-DD'),50,20, load_blob('catPro3.jpg'),'包裝顏色特別的貓糧，很好吃喔',1);
INSERT INTO PRODUCT(PRODUCTID,KINDNO,PRODUCTNAME,PRODUCTPRICE,PRODUCTON,PRODUCTSTOCK,PRODUCTSAFE,PRODUCTPIC,PRODUCTINTRO,PRODUCTSTATUS) 
VALUES(PRODUCT_SEQ.NEXTVAL,1,'賀寶芙貓糧',2000,TO_DATE('2020-06-06','YYYY-MM-DD'),50,20, load_blob('catPro4.jpg'),'這不是直銷，不買沒關西',1);
INSERT INTO PRODUCT(PRODUCTID,KINDNO,PRODUCTNAME,PRODUCTPRICE,PRODUCTON,PRODUCTSTOCK,PRODUCTSAFE,PRODUCTPIC,PRODUCTINTRO,PRODUCTSTATUS) 
VALUES(PRODUCT_SEQ.NEXTVAL,1,'貓咪豪宅',3500,TO_DATE('2020-06-06','YYYY-MM-DD'),20,10, load_blob('catPro5.jpg'),'下雨天不能沒有家，體驗富豪貓生',1);
INSERT INTO PRODUCT(PRODUCTID,KINDNO,PRODUCTNAME,PRODUCTPRICE,PRODUCTON,PRODUCTSTOCK,PRODUCTSAFE,PRODUCTPIC,PRODUCTINTRO,PRODUCTSTATUS) 
VALUES(PRODUCT_SEQ.NEXTVAL,1,'席夢思床墊',1500,TO_DATE('2020-06-06','YYYY-MM-DD'),50,20, load_blob('catPro6.jpg'),'一夜好眠，一覺到天亮',1);
INSERT INTO PRODUCT(PRODUCTID,KINDNO,PRODUCTNAME,PRODUCTPRICE,PRODUCTON,PRODUCTSTOCK,PRODUCTSAFE,PRODUCTPIC,PRODUCTINTRO,PRODUCTSTATUS) 
VALUES(PRODUCT_SEQ.NEXTVAL,1,'好吃肉乾',300,TO_DATE('2020-06-06','YYYY-MM-DD'),50,20, load_blob('catPro7.jpg'),'好吃的肉乾，越吃越有味',1);
INSERT INTO PRODUCT(PRODUCTID,KINDNO,PRODUCTNAME,PRODUCTPRICE,PRODUCTON,PRODUCTSTOCK,PRODUCTSAFE,PRODUCTPIC,PRODUCTINTRO,PRODUCTSTATUS) 
VALUES(PRODUCT_SEQ.NEXTVAL,1,'主食罐罐',99,TO_DATE('2020-06-06','YYYY-MM-DD'),50,20, load_blob('catPro8.png'),'好吃的主食罐罐，越吃越香',1);
INSERT INTO PRODUCT(PRODUCTID,KINDNO,PRODUCTNAME,PRODUCTPRICE,PRODUCTON,PRODUCTSTOCK,PRODUCTSAFE,PRODUCTPIC,PRODUCTINTRO,PRODUCTSTATUS) 
VALUES(PRODUCT_SEQ.NEXTVAL,1,'貓砂鏟',120,TO_DATE('2020-06-06','YYYY-MM-DD'),50,20, load_blob('catPro9.jpg'),'鏟屎官專用',1);
INSERT INTO PRODUCT(PRODUCTID,KINDNO,PRODUCTNAME,PRODUCTPRICE,PRODUCTON,PRODUCTSTOCK,PRODUCTSAFE,PRODUCTPIC,PRODUCTINTRO,PRODUCTSTATUS) 
VALUES(PRODUCT_SEQ.NEXTVAL,1,'超高防濺砂盆',999,TO_DATE('2020-06-06','YYYY-MM-DD'),50,20, load_blob('catPro10.jpg'),'高圍牆無印風單層砂盆',1);
INSERT INTO PRODUCT(PRODUCTID,KINDNO,PRODUCTNAME,PRODUCTPRICE,PRODUCTON,PRODUCTSTOCK,PRODUCTSAFE,PRODUCTPIC,PRODUCTINTRO,PRODUCTSTATUS) 
VALUES(PRODUCT_SEQ.NEXTVAL,1,'特級貓薄荷',90,TO_DATE('2020-06-06','YYYY-MM-DD'),50,20, load_blob('catPro11.jpg'),'牧草特級貓薄荷小罐',1);
INSERT INTO PRODUCT(PRODUCTID,KINDNO,PRODUCTNAME,PRODUCTPRICE,PRODUCTON,PRODUCTSTOCK,PRODUCTSAFE,PRODUCTPIC,PRODUCTINTRO,PRODUCTSTATUS) 
VALUES(PRODUCT_SEQ.NEXTVAL,1,'特級營養罐',150,TO_DATE('2020-06-06','YYYY-MM-DD'),50,20, load_blob('catPro12.jpg'),'特級營養罐罐，健康好吃',1);
INSERT INTO PRODUCT(PRODUCTID,KINDNO,PRODUCTNAME,PRODUCTPRICE,PRODUCTON,PRODUCTSTOCK,PRODUCTSAFE,PRODUCTPIC,PRODUCTINTRO,PRODUCTSTATUS) 
VALUES(PRODUCT_SEQ.NEXTVAL,1,'好吃貓補丁',220,TO_DATE('2020-06-06','YYYY-MM-DD'),50,20, load_blob('catPro13.jpg'),'好吃貓補丁，天然補鈣',1);
INSERT INTO PRODUCT(PRODUCTID,KINDNO,PRODUCTNAME,PRODUCTPRICE,PRODUCTON,PRODUCTSTOCK,PRODUCTSAFE,PRODUCTPIC,PRODUCTINTRO,PRODUCTSTATUS) 
VALUES(PRODUCT_SEQ.NEXTVAL,1,'特級貓砂',500,TO_DATE('2020-06-06','YYYY-MM-DD'),50,20, load_blob('catPro14.jpg'),'特級貓沙，無毒香氣佳',1);
INSERT INTO PRODUCT(PRODUCTID,KINDNO,PRODUCTNAME,PRODUCTPRICE,PRODUCTON,PRODUCTSTOCK,PRODUCTSAFE,PRODUCTPIC,PRODUCTINTRO,PRODUCTSTATUS) 
VALUES(PRODUCT_SEQ.NEXTVAL,1,'烘烤肉塊',199,TO_DATE('2020-06-06','YYYY-MM-DD'),50,20, load_blob('catPro15.jpg'),'營養健康又好吃!',1);

---
INSERT INTO PRODUCT(PRODUCTID,KINDNO,PRODUCTNAME,PRODUCTPRICE,PRODUCTON,PRODUCTSTOCK,PRODUCTSAFE,PRODUCTPIC,PRODUCTINTRO,PRODUCTSTATUS) 
VALUES(PRODUCT_SEQ.NEXTVAL,0,'雞胸肉乾',200,TO_DATE('2020-06-06','YYYY-MM-DD'),50,20,load_blob('dogPro1.jpg'),'好吃的雞胸肉乾，不會買後悔',1);
INSERT INTO PRODUCT(PRODUCTID,KINDNO,PRODUCTNAME,PRODUCTPRICE,PRODUCTON,PRODUCTSTOCK,PRODUCTSAFE,PRODUCTPIC,PRODUCTINTRO,PRODUCTSTATUS) 
VALUES(PRODUCT_SEQ.NEXTVAL,0,'跑路罐頭',90,TO_DATE('2020-06-06','YYYY-MM-DD'),50,20,load_blob('dogPro2.jpg'),'好吃的狗罐頭，越吃越胖',1);
INSERT INTO PRODUCT(PRODUCTID,KINDNO,PRODUCTNAME,PRODUCTPRICE,PRODUCTON,PRODUCTSTOCK,PRODUCTSAFE,PRODUCTPIC,PRODUCTINTRO,PRODUCTSTATUS) 
VALUES(PRODUCT_SEQ.NEXTVAL,0,'獨家乾糧',500,TO_DATE('2020-06-06','YYYY-MM-DD'),50,20,load_blob('dogPro3.jpg'),'名牌狗糧，越吃越好吃',1);
INSERT INTO PRODUCT(PRODUCTID,KINDNO,PRODUCTNAME,PRODUCTPRICE,PRODUCTON,PRODUCTSTOCK,PRODUCTSAFE,PRODUCTPIC,PRODUCTINTRO,PRODUCTSTATUS) 
VALUES(PRODUCT_SEQ.NEXTVAL,0,'西沙莎朗牛排',100,TO_DATE('2020-06-06','YYYY-MM-DD'),50,20,load_blob('dogPro4.jpg'),'保證比王三口牛排好吃',1);
INSERT INTO PRODUCT(PRODUCTID,KINDNO,PRODUCTNAME,PRODUCTPRICE,PRODUCTON,PRODUCTSTOCK,PRODUCTSAFE,PRODUCTPIC,PRODUCTINTRO,PRODUCTSTATUS) 
VALUES(PRODUCT_SEQ.NEXTVAL,0,'梳毛刷',150,TO_DATE('2020-06-06','YYYY-MM-DD'),20,10,load_blob('dogPro5.jpg'),'想把毛梳整齊就買我',1);
INSERT INTO PRODUCT(PRODUCTID,KINDNO,PRODUCTNAME,PRODUCTPRICE,PRODUCTON,PRODUCTSTOCK,PRODUCTSAFE,PRODUCTPIC,PRODUCTINTRO,PRODUCTSTATUS) 
VALUES(PRODUCT_SEQ.NEXTVAL,0,'狗狗潮衣',200,TO_DATE('2020-06-06','YYYY-MM-DD'),100,10,load_blob('dogPro6.jpg'),'好看又帥氣的衣服',1);
INSERT INTO PRODUCT(PRODUCTID,KINDNO,PRODUCTNAME,PRODUCTPRICE,PRODUCTON,PRODUCTSTOCK,PRODUCTSAFE,PRODUCTPIC,PRODUCTINTRO,PRODUCTSTATUS) 
VALUES(PRODUCT_SEQ.NEXTVAL,0,'狗狗豪宅',200,TO_DATE('2020-06-06','YYYY-MM-DD'),100,10,load_blob('dogPro7.jpg'),'簡單塑膠盆',1);
INSERT INTO PRODUCT(PRODUCTID,KINDNO,PRODUCTNAME,PRODUCTPRICE,PRODUCTON,PRODUCTSTOCK,PRODUCTSAFE,PRODUCTPIC,PRODUCTINTRO,PRODUCTSTATUS) 
VALUES(PRODUCT_SEQ.NEXTVAL,0,'高級潔牙骨',250,TO_DATE('2020-06-06','YYYY-MM-DD'),100,10,load_blob('dogPro8.jpg'),'戰勝口臭!',1);
INSERT INTO PRODUCT(PRODUCTID,KINDNO,PRODUCTNAME,PRODUCTPRICE,PRODUCTON,PRODUCTSTOCK,PRODUCTSAFE,PRODUCTPIC,PRODUCTINTRO,PRODUCTSTATUS) 
VALUES(PRODUCT_SEQ.NEXTVAL,0,'潔牙棒',200,TO_DATE('2020-06-06','YYYY-MM-DD'),100,10,load_blob('dogPro9.jpg'),'戰勝口臭!',1);

INSERT INTO PRODUCT(PRODUCTID,KINDNO,PRODUCTNAME,PRODUCTPRICE,PRODUCTON,PRODUCTSTOCK,PRODUCTSAFE,PRODUCTPIC,PRODUCTINTRO,PRODUCTSTATUS) 
VALUES(PRODUCT_SEQ.NEXTVAL,2,'城堡式倉鼠籠',230,TO_DATE('2020-06-06','YYYY-MM-DD'),100,10,load_blob('other1.jpg'),'多機能倉鼠籠',1);
INSERT INTO PRODUCT(PRODUCTID,KINDNO,PRODUCTNAME,PRODUCTPRICE,PRODUCTON,PRODUCTSTOCK,PRODUCTSAFE,PRODUCTPIC,PRODUCTINTRO,PRODUCTSTATUS) 
VALUES(PRODUCT_SEQ.NEXTVAL,2,'倉鼠運動跑球',100,TO_DATE('2020-06-06','YYYY-MM-DD'),100,10,load_blob('other2.jpg'),'運動，遊戲，健康',1);
INSERT INTO PRODUCT(PRODUCTID,KINDNO,PRODUCTNAME,PRODUCTPRICE,PRODUCTON,PRODUCTSTOCK,PRODUCTSAFE,PRODUCTPIC,PRODUCTINTRO,PRODUCTSTATUS) 
VALUES(PRODUCT_SEQ.NEXTVAL,2,'火山磨牙鈣石',90,TO_DATE('2020-06-06','YYYY-MM-DD'),100,10,load_blob('other3.jpg'),'防止亂墾亂咬',1);
INSERT INTO PRODUCT(PRODUCTID,KINDNO,PRODUCTNAME,PRODUCTPRICE,PRODUCTON,PRODUCTSTOCK,PRODUCTSAFE,PRODUCTPIC,PRODUCTINTRO,PRODUCTSTATUS) 
VALUES(PRODUCT_SEQ.NEXTVAL,2,'倉鼠乾糧',300,TO_DATE('2020-06-06','YYYY-MM-DD'),100,10,load_blob('other4.jpg'),'好吃又健康',1);
INSERT INTO PRODUCT(PRODUCTID,KINDNO,PRODUCTNAME,PRODUCTPRICE,PRODUCTON,PRODUCTSTOCK,PRODUCTSAFE,PRODUCTPIC,PRODUCTINTRO,PRODUCTSTATUS) 
VALUES(PRODUCT_SEQ.NEXTVAL,2,'寵物用跑輪',150,TO_DATE('2020-06-06','YYYY-MM-DD'),100,10,load_blob('other5.jpg'),'黃金鼠，大白鼠，刺蝟適用',1);
INSERT INTO PRODUCT(PRODUCTID,KINDNO,PRODUCTNAME,PRODUCTPRICE,PRODUCTON,PRODUCTSTOCK,PRODUCTSAFE,PRODUCTPIC,PRODUCTINTRO,PRODUCTSTATUS) 
VALUES(PRODUCT_SEQ.NEXTVAL,2,'倉鼠抗菌產品',130,TO_DATE('2020-06-06','YYYY-MM-DD'),100,10,load_blob('other6.jpg'),'戰勝細菌!',1);

ALTER SESSION SET NLS_TIMESTAMP_FORMAT ='yyyy-mm-dd hh24:mi:ss';

---產品訂單假資料---
INSERT INTO PRODUCTORDER VALUES (PRODUCTORDER_SEQ.NEXTVAL,'M0001',TO_CHAR(SYSDATE, 'MM-DD-YYYY HH24:MI') ,200,'高雄市鼓山區20000號',0);
INSERT INTO PRODUCTORDER VALUES (PRODUCTORDER_SEQ.NEXTVAL,'M0002',TO_CHAR(SYSDATE, 'MM-DD-YYYY HH24:MI') ,600,'桃園市中壢區中央路300號',0);
INSERT INTO PRODUCTORDER VALUES (PRODUCTORDER_SEQ.NEXTVAL,'M0003',TO_CHAR(SYSDATE, 'MM-DD-YYYY HH24:MI') ,1000,'台北市中山區厚德路路20號10樓',0);
INSERT INTO PRODUCTORDER VALUES (PRODUCTORDER_SEQ.NEXTVAL,'M0004',TO_CHAR(SYSDATE, 'MM-DD-YYYY HH24:MI') ,900,'台南市安平區環北路80號2段',0);
INSERT INTO PRODUCTORDER VALUES (PRODUCTORDER_SEQ.NEXTVAL,'M0005',TO_CHAR(SYSDATE, 'MM-DD-YYYY HH24:MI') ,2000,'屏東市萬丹區萬華路105號',0);

---產品訂單明細假資料---
INSERT INTO PRODUCTORDERDETAIL VALUES(10005001,1001,1,200);
INSERT INTO PRODUCTORDERDETAIL VALUES(10005002,1008,2,250);
INSERT INTO PRODUCTORDERDETAIL VALUES(10005002,1009,1,100);
INSERT INTO PRODUCTORDERDETAIL VALUES(10005003,1012,1,1000);
INSERT INTO PRODUCTORDERDETAIL VALUES(10005004,1001,2,200);
INSERT INTO PRODUCTORDERDETAIL VALUES(10005004,1013,1,200);
INSERT INTO PRODUCTORDERDETAIL VALUES(10005004,1009,3,100);
INSERT INTO PRODUCTORDERDETAIL VALUES(10005005,1011,1,2000);


COMMIT;